"Id";"Designator";"Footprint";"Quantity";"Designation";"Supplier and ref";
1;"J2,J14,J1,J9,J17,J13,J10,J7,J12,J15,J8,J16,J5,J19,J3,J11,J4,J20,J18,J6";"01x05 Header 2.54mm";20;"Conn_01x05";;;
2;"R6,R3,R10,R8,R5,R1,R7,R4,R9,R2";"RES0402_10K";10;"10K";;;
3;"U10,U6,U7,U1,U2,U9,U8,U5,U4,U3";"TXB0108DQSR";10;"TXB0108DQSR";;;
4;"J23,J24";"2x20 header";2;"Conn_02x20_Odd_Even";;;
5;",,,";"HOLEE";4;"HOLE";;;
6;"C9,C6,C14,C19,C18,C4,C10,C3,C5,C20,C15,C16,C8,C1,C11,C2,C7,C12,C13,C17";"CAP0402";20;"0.1uF";;;
7;"J21,J22";"LVDS2";2;"~";;;
